leftEyebrow,rightEyebrow,leftLip,rightLip,lipWidth,lipHeight,label
5.6755867,5.8496065,4.9412313,5.232825,4.194002,1.121114,neutral
5.5956945,5.8249335,4.9555306,4.7361994,3.521636,1.037037,neutral
5.3531313,5.466296,5.040543,5.035244,3.6770594,1.119105,neutral
6.2080846,5.665776,4.0539503,4.219829,2.7467103,0.86161816,neutral
6.4797964,6.274617,4.9626102,4.7965937,3.8829014,1.2770158,neutral
5.7166724,5.202877,4.7504673,4.9079447,3.425021,0.9988681,neutral
5.7238765,5.1876717,4.051402,4.3068542,2.6021352,0.6943892,neutral
5.9336133,5.5056195,5.059845,4.785413,3.7036793,1.180298,neutral
5.8263397,5.569133,4.493051,4.9053316,3.3604739,1.1351916,neutral
5.593587,5.978851,4.844656,4.7256594,3.3326168,1.3326733,neutral
5.1772714,6.040637,4.640324,4.4738765,3.0431356,1,neutral
6.1956053,5.7052755,4.4669967,4.758383,3.368421,0.9531985,neutral
6.1006527,5.5811987,4.808464,4.8374543,3.5680068,0.8620569,neutral
6.4402294,5.4921665,4.8121376,4.677723,3.1908314,1.0476191,neutral
5.701749,5.8207245,4.7107177,4.1849933,2.8635645,1.1504303,neutral
6.5300927,5.8862314,4.7971363,5.1001787,3.6638377,1.1413361,neutral
5.916246,5.533848,4.975013,5.427331,4.020845,1.1578834,neutral
5.360542,5.747221,5.4401956,5.0981627,3.8574722,1.3826658,neutral
6.1349583,6.280874,4.9993362,5.107213,4.100546,1.1976599,neutral
6.193223,5.909245,4.4196157,4.6940274,3.428717,1.0837362,neutral
6.030626,5.7492256,5.3706512,5.5415,4.000236,1.3072432,neutral
5.5717535,5.677273,4.717082,4.6046047,3.2835717,0.8842188,neutral
5.399157,5.5610647,5.052803,4.9097605,3.840936,1.2941103,neutral
5.608269,5.6799774,4.91209,4.898446,3.5228598,0.92705166,neutral
6.8118773,6.5102205,5.4653907,5.624416,4.428534,1.2921591,neutral
6.277144,5.3941784,4.3787427,5.3280296,3.4502788,0.9935599,neutral
6.245432,6.8371763,4.244013,4.134475,2.7984457,0.8335368,neutral
6.113059,6.0920696,4.734924,4.7991486,3.4545455,0.95454544,neutral
5.9094124,5.8797812,4.9771194,4.9685335,3.5184152,0.9566056,neutral
5.8782234,5.7990923,4.109597,4.3337493,2.595094,0.8647471,neutral
6.264424,5.801684,5.664361,6.2014256,4.5339594,1.5299412,neutral
5.4426146,5.3338013,6.844315,7.1596546,5.4924784,2.4399402,neutral
5.216821,5.2682467,6.6011343,6.7964754,5.6143923,2.3079965,neutral
6.0457554,6.1626024,4.8766084,4.9283543,3.5629115,0.8687445,neutral
5.4988847,5.476202,4.9124546,4.9939175,3.3639436,1.4552555,neutral
5.449257,5.616919,5.165937,4.9790454,3.6925082,1.2313701,neutral
6.075453,6.015523,5.0533,5.1621304,3.814514,1.0443763,neutral
5.6978607,5.941759,4.596098,4.35678,2.891331,1.1563362,neutral
6.6941123,6.6074247,4.917831,4.536454,3.6055515,0.91218174,neutral
5.6522245,5.685481,5.132803,5.327145,4.04618,1.2993381,neutral
5.445904,5.771899,4.7851324,4.3941355,3.3523405,0.82608694,neutral
5.7636256,5.8995495,5.170631,4.7515793,3.7013512,1.2509997,neutral
6.06272,5.2212296,4.576254,4.7466154,3.2589896,1.1295121,neutral
5.9960074,6.1825156,4.386638,4.6192064,3.4585845,1.0424997,neutral
5.8683553,5.6577682,4.8734584,4.5979433,3.2809753,1.2406449,neutral
5.387434,5.1094437,5.4787416,5.705158,4.392052,2.0555556,neutral
6.009696,5.835658,4.678512,4.5624447,3.3463748,0.69337523,neutral
6.210205,5.991275,5.2289286,5.0594397,4.095189,1.3991446,neutral
6.3460927,5.8441286,5.166221,5.228012,3.7283812,1.1363636,neutral
6.1381497,5.260741,4.4071875,4.987171,3.4651847,0.9539097,neutral
5.818759,5.890542,5.1994314,4.772981,3.9021811,1.3455507,neutral
6.4530945,5.627927,4.9891253,5.5035124,4.036352,1.146563,neutral
6.1277437,6.147598,4.6404657,4.7034974,3.1666667,0.96666664,neutral
5.809173,5.8802996,4.8815904,4.6904683,3.4880297,1.2638645,neutral
5.3195486,5.176503,4.4533806,4.5346146,2.883509,1.0376943,neutral
6.5941653,6.3459578,4.200371,4.438094,2.8779762,0.87929684,neutral
5.2622204,5.593104,4.7302194,4.773279,3.1773133,0.9611157,neutral
5.800374,5.3737626,4.430417,4.7568626,3.1761732,1.0365933,neutral
6.1828375,6.0046997,4.9704127,4.4530773,3.5084996,1.1703017,neutral
5.4763865,5.5235415,5.4719925,5.1587715,4.0478992,1.4285715,neutral
5.9677715,5.81966,5.58298,5.183984,4.1640306,1.4559193,neutral
5.5417604,5.354458,4.498281,4.858899,3.262279,0.8890506,neutral
6.371789,6.3187084,4.4435196,3.999593,3.0351818,0.8150972,neutral
5.62574,5.304183,4.5487676,5.0903234,3.3501287,1.0411612,neutral
5.4046345,5.297557,4.909985,5.122693,3.175493,1.6402303,neutral
5.3232503,5.208883,4.535209,4.8073444,3.5008452,1.2698134,neutral
5.4525924,5.564273,5.1053963,5.0355425,3.7060537,1.5841503,neutral
5.2181416,5.3776484,4.9534426,4.8872232,3.5395758,1.1247954,neutral
5.955289,5.689347,4.8843317,5.265085,3.9073744,1.0101526,neutral
5.389625,5.350044,4.8776116,4.6091204,3.4002352,0.8809086,neutral
5.9610825,6.0660553,4.9908366,4.8500147,3.6503425,1.15,neutral
5.938668,5.7091002,5.5178747,5.27409,3.9549618,1.3817732,neutral
5.385032,6.0370193,5.449055,4.424242,4.105277,1.0383831,neutral
5.7047625,5.573536,5.149848,5.1070004,3.6719933,1.4178853,neutral
5.5818987,5.2388306,5.220084,5.693165,3.9512658,1.65,neutral
5.3154573,5.530716,4.4138727,4.914618,3.2212532,1.227743,neutral
5.534664,5.54946,4.19743,4.3293915,2.960633,0.8527301,neutral
6.1501656,5.802289,5.0538282,5.289989,3.8153245,1.5012023,neutral
5.4662943,5.800457,5.1404276,5.1985683,4.1082983,1.2675363,neutral
6.1539865,5.8451643,5.3951864,5.2327204,3.85,1.25,neutral
5.080695,5.485365,5.2136803,5.2049007,3.609474,1.651186,neutral
5.7341943,6.0838485,4.9296036,4.9395313,3.2608695,1.3919835,neutral
5.4289703,4.894943,4.4082875,4.828784,2.9207675,1.118034,neutral
5.8929753,5.623562,4.507175,5.110284,3.7139845,1.3392836,neutral
6.1546955,5.769669,4.946424,4.68194,3.6772766,1.0399373,neutral
5.8372474,5.7898006,5.408128,5.5663004,3.9942791,1.4999999,neutral
5.637077,5.351591,6.6796103,6.7236276,5.346607,1.9387163,neutral
5.8153615,5.668052,4.420649,4.5672474,2.9643784,1.1219562,neutral
6.7199507,6.47163,4.2500663,4.5202923,2.9271228,0.8854511,neutral
5.6067276,5.168703,4.572571,5.1460457,3.4751866,1.0369251,neutral
5.8245573,5.578076,5.1278872,5.128367,3.6702302,1.0981266,neutral
5.6196027,5.605929,5.3535037,5.2487373,3.8951342,1.1995428,neutral
6.0129395,5.5856466,5.010581,5.523719,4.091709,1.1455204,neutral
6.027218,6.1280026,4.072517,4.137723,2.9275758,0.92866594,neutral
5.523431,5.8343143,4.4446974,3.950249,2.7520397,0.7259527,neutral
5.7892995,5.8805304,6.2867484,6.0332165,4.7942715,1.9475671,neutral
5.9450374,6.083973,5.331252,5.151677,4.000236,1.2173913,neutral
5.677289,5.9437633,5.4295325,5.606024,3.1584866,3.1584866,surprise
5.3990393,5.5854497,5.514806,5.2219687,2.7893748,3.178772,surprise
5.159237,5.207447,5.957942,6.112956,4.085178,3.5621173,surprise
5.4701605,5.2316484,4.653957,4.914403,2.8388562,2.1243303,surprise
5.543569,5.5602145,5.955755,6.1426325,3.7505207,3.4380682,surprise
6.1709166,5.417747,5.784574,6.185612,3.5804949,3.1578948,surprise
5.603694,5.3540893,4.7335567,5.227813,2.725973,2.685202,surprise
5.605762,5.480157,6.289234,6.253186,3.2358289,4.3533387,surprise
5.1657705,5.114092,5.845352,5.833722,3.371461,3.7088408,surprise
6.1770287,6.137722,5.5056863,5.6419954,3.0441697,3.1396601,surprise
5.529536,5.7435284,5.3567533,5.253167,2.4806945,2.714966,surprise
5.683647,5.4324045,4.0374465,5.033837,3.6400547,1.0361127,surprise
5.5450644,5.2303534,5.9624176,6.036312,3.5056,3.5539794,surprise
5.0906243,4.8606834,5.4951153,5.524682,2.5156174,3.1186664,surprise
5.2628517,5.107035,6.02443,5.6301966,2.8482141,3.5997055,surprise
6.0171943,5.689774,5.426655,5.94704,3.074531,3.5185788,surprise
5.3780575,5.405874,6.7260094,6.3743505,3.690032,3.8337998,surprise
5.624401,5.5587354,5.127058,5.713443,3.9953215,2.2976732,surprise
5.797818,5.2068243,5.806454,6.258786,3.1975205,3.6124785,surprise
5.5828104,5.5809994,5.4684043,5.0861697,2.874758,2.7957215,surprise
5.6674414,5.485634,5.5973487,5.6407347,3.289744,2.9077778,surprise
5.8134203,5.765959,5.8452144,5.9471393,4.119766,2.5829363,surprise
5.902688,5.4698935,5.2497563,5.812932,3.22946,2.4689245,surprise
5.2032027,5.366057,4.613759,4.539253,2.7250109,1.691062,surprise
5.2373023,5.1633606,5.2142873,5.5146003,2.9153273,2.6227243,surprise
5.4507256,5.3308496,5.4979258,5.4935575,2.8698945,2.9568415,surprise
5.6733522,5.618664,4.6422353,5.2190466,2.4705322,2.5761347,surprise
4.9112535,5.049528,5.7910748,5.962929,3.2944894,3.5541909,surprise
5.9078865,5.9826045,6.0018334,6.6157064,4.6946387,3.0373688,surprise
5.68964,5.3745613,5.458168,5.4851875,3.1333706,3.1198692,surprise
5.402452,5.4449296,6.4804606,6.359641,3.8367946,4.0473714,surprise
5.1919055,5.140175,5.655033,5.5569754,3.4207635,2.8443108,surprise
5.843037,5.6114964,5.7912035,6.039938,3.5686545,3.3295605,surprise
6.0495853,5.986922,5.2242665,4.899955,3.1967826,2.3439977,surprise
5.8330183,5.649777,5.491738,5.3448296,3.118967,3.1186664,surprise
5.561467,5.4785237,6.3581724,6.439845,3.5968952,4.4447284,surprise
5.2923336,5.356879,6.461643,6.002004,3.7506442,3.8964143,surprise
5.794688,5.6798854,5.8527756,5.7038536,3.731677,2.8907356,surprise
5.799088,5.385478,5.982684,6.283062,3.3403912,4.010635,surprise
5.947909,6.1780453,4.7136345,5.082822,2.673089,2.6306727,surprise
5.334139,5.09698,5.7477922,5.5297804,3.046272,2.9130435,surprise
5.8035,5.674204,5.1534534,5.4704885,2.4126053,2.9292934,surprise
5.7181234,5.422596,5.835508,6.2397237,3.2155285,3.823463,surprise
4.925696,4.7109833,5.2135653,5.4789195,3.173913,2.2625413,surprise
5.5914545,5.222583,5.6909866,5.3572426,3.5011046,2.7698674,surprise
5.817139,5.2493253,5.4761257,6.1640615,3.0622416,3.2346294,surprise
5.835629,5.530984,5.348695,5.167678,3.8874705,1.3072398,surprise
5.2029266,5.1463003,5.9417896,5.7673974,3.048443,3.305492,surprise
5.9681635,5.923977,4.5274854,4.961651,2.3749955,2.3703704,surprise
5.024723,5.0818205,5.609683,5.9634585,3.017246,2.9132102,surprise
5.386867,5.2040977,5.4129663,5.9842134,3.5165057,2.8141887,surprise
6.104951,5.8307333,5.5781074,5.8066506,3.0106306,3.757208,surprise
5.2754865,5.281425,5.4962344,5.086856,3.6783009,1.8617141,surprise
5.382077,5.4427834,5.2265615,5.303487,2.9550085,2.566107,surprise
5.380702,5.3599815,5.3639297,5.4447904,2.8036466,2.9816513,surprise
6.1426992,6.000384,5.632345,5.2314706,3.3048651,3.2592869,surprise
5.5148087,5.2498765,5.6067934,6.3223276,3.134441,3.5553412,surprise
5.6921177,5.5560784,5.059034,5.936571,3.2540572,2.4041631,surprise
5.0679646,5.0076976,5.1221404,5.3958464,2.8890219,2.5292704,surprise
5.3241863,5.291273,5.7365575,6.4375105,3.3326168,3.805509,surprise
5.073235,5.1146846,5.4210315,5.413007,2.6064594,2.7482479,surprise
5.2995443,5.198303,5.2967854,5.22013,3.0956044,2.2380953,surprise
5.7971983,5.4879208,6.07436,5.9880342,4.317073,2.2637699,surprise
4.7058945,5.023602,5.6983566,4.9095755,2.7139795,3.4979568,surprise
5.2074676,5.296591,5.772937,5.713825,3.203682,3.1996903,surprise
5.322066,4.9483004,5.3640723,6.9436283,4.4401255,2.139995,surprise
5.540576,5.424389,4.8420672,5.412139,2.8093102,2.3641825,surprise
5.365684,5.3970847,4.8538933,5.3767853,2.9653587,2.2431655,surprise
5.2461476,5.3915887,5.4686694,5.5587993,2.6403031,3.2809753,surprise
5.2875834,5.211978,6.05499,6.174757,3.4751866,3.5249596,surprise
5.489581,5.492224,6.348864,6.222657,3.0907247,4.042302,surprise
5.775319,5.812861,5.743431,5.725767,2.6528733,4.1267653,surprise
5.122245,5.268149,5.537429,5.721612,2.9566045,3.084349,surprise
5.0696797,4.6921983,5.6573563,5.5561686,3.2055519,3.039315,surprise
5.5592747,5.557557,6.207884,6.59583,2.54733,4.4793353,surprise
5.1218176,5.303045,5.1998277,5.478955,2.6328003,3.3103874,surprise
5.897852,5.733374,4.675072,5.272027,2.6150336,2.44,surprise
6.5526433,6.088092,4.3730025,4.8679943,2.590949,1.8477557,surprise
5.3706174,4.9734464,5.8424015,6.007799,2.64,3.8408332,surprise
5.737018,5.5132475,5.5271354,6.0361543,3.9953215,2.6509304,surprise
5.288913,5.4506254,4.9848948,4.980599,2.5002959,2.7694979,surprise
5.314061,5.17649,6.0562453,5.5868745,3.1105394,3.5591211,surprise
5.6009984,5.473557,5.8544016,5.4379754,3.379113,1.9587765,surprise
5.962234,5.9578924,7.119819,7.080455,3.6620698,5.093262,surprise
5.3138266,5.5483947,5.158963,5.2503796,4.039662,1.0028262,sadness
4.6855364,5.0015984,4.7223735,4.2465587,2.9643826,0.9019265,sadness
5.0739,4.9683537,5.645644,5.6800656,4.269286,1.0453628,sadness
6.029783,5.7882614,4.052624,4.2799835,2.6076808,0.7924806,sadness
5.2166376,5.5382056,5.697018,5.301352,4.093616,1.3657907,sadness
5.4987926,4.784528,4.9795246,5.243751,3.6350098,1.1102643,sadness
5.325076,4.646388,4.1507244,4.8685207,3.3377707,0.87061685,sadness
5.539302,5.264618,3.8799899,3.8382096,1.8067654,0.34802672,sadness
5.546031,5.442398,5.1778316,4.78479,3.296261,1.3483157,sadness
5.295532,6.084968,5.4863753,5.573283,4.1768847,2,sadness
4.540043,5.523548,5.0150805,4.8522305,3.1142354,1.1701413,sadness
5.8346386,5.6744685,4.557086,4.743723,3.2870133,0.99628025,sadness
5.479561,5.0466757,4.852717,4.868582,3.3989425,0.8278848,sadness
6.397732,5.529682,4.704223,4.8261743,2.4981794,1.665742,sadness
6.321027,5.6673584,5.3234673,4.921938,3.8530707,1.2851396,sadness
5.7406206,5.6523786,5.5568037,6.2167735,4.8170867,1.3319303,sadness
5.4382772,5.5547104,5.2787104,5.172335,3.4329386,1.9507511,sadness
6.2137747,6.101884,5.780602,5.7915587,4.609355,1.391181,sadness
6.39699,5.9164534,4.517962,4.6765127,3.2602324,1.0025963,sadness
6.447712,5.6958094,4.623872,4.788163,3.0654867,1,sadness
6.6890326,6.145673,5.102433,5.5355334,3.6846387,1.4108951,sadness
5.5437026,5.503771,5.25672,5.3301373,3.7368422,1.1052631,sadness
5.481231,5.35507,4.5826344,4.9140406,2.9988582,1.40693,sadness
5.7124314,5.2673683,5.3994613,5.1230974,3.1721072,1.1736093,sadness
4.8439436,5.095247,9.841685,10.50749,9.2258,2.6638606,sadness
5.323093,5.414652,5.4617486,5.4138937,3.2520857,0.90440875,sadness
5.559778,5.5226703,4.0815854,3.9928074,2.2568905,0.4878993,sadness
5.682905,5.475322,5.230814,5.1808014,3.7619143,1.1606895,sadness
5.9277644,6.018174,4.243354,3.9911318,2.4033132,0.5797655,sadness
6.251496,6.149142,4.740259,4.214734,2.6884987,0.9643321,sadness
5.8027477,5.7566047,5.5453854,6.104326,4.558306,1.4616836,sadness
4.8671246,4.9999747,5.3269053,5.047861,4.101219,0.75,sadness
5.652402,5.80396,3.829793,4.13682,2.0537925,0.28667164,sadness
5.945121,5.531417,4.0880165,3.7769713,1.8963808,0.60583496,sadness
5.465499,5.276368,3.598634,4.3161964,1.9187353,0.67448914,sadness
5.6991105,5.548885,5.3925915,5.5150275,4.0556474,1.4727408,sadness
5.9653172,5.261916,5.654992,5.6882925,4.2002974,1.7029387,sadness
4.872881,4.626092,5.306772,5.0952806,2.9974833,1.1736093,sadness
6.3058343,6.197385,4.7262597,4.639787,3.046811,1.0918556,sadness
5.204897,5.276258,5.568326,5.5252905,3.9228673,1.7919574,sadness
5.6310244,5.4107237,4.948357,5.105686,3.3260036,1.640638,sadness
6.516831,5.952439,5.1736097,4.895693,3.632613,1.7254912,sadness
5.2129173,5.343279,6.2786703,5.634876,4.4738398,1.3251783,sadness
5.685518,5.366068,4.6685286,5.205559,2.8895068,1.0768557,sadness
6.1017313,5.88945,4.080098,4.0949,2.7002058,0.8333333,sadness
5.551573,5.4287004,4.569741,4.809074,2.9550085,0.9566056,sadness
5.403533,5.3003926,4.9234543,5.405615,3.4207413,1.497547,sadness
5.2181416,5.3776484,4.9534426,4.8872232,3.5395758,1.1247954,sadness
5.4729667,5.4458556,5.8059664,5.858493,4.83099,1.1107863,sadness
5.600872,5.674818,5.225594,4.716201,3.4010427,0.720534,sadness
6.288392,6.189905,5.0850587,5.15112,3.7466528,1.04869,sadness
5.973166,5.4851665,5.2286587,5.1106124,3.84255,1.1049862,sadness
4.4660044,5.5080404,3.9519806,3.533255,2.1166377,0.6222714,sadness
5.558895,5.303838,5.1275487,5.3064394,3.5426471,1.7916666,sadness
5.6042833,4.991946,7.885592,8.982417,7.6499753,2.5277224,sadness
5.212789,5.0979156,4.876763,5.3315687,3.177454,1.0730422,sadness
5.6494794,5.5709286,5.875738,6.2127686,4.4990263,1.2786914,sadness
5.493453,5.6788545,4.938142,4.8400617,3.3650725,0.9989686,sadness
5.599063,5.145056,4.8843155,5.1178675,3.4503872,1.3313203,sadness
5.9311557,5.69876,5.0627246,5.130924,3.499195,1.4160506,sadness
5.581006,5.949633,4.388615,4.2371273,3.2422214,0.2912044,sadness
5.7868304,5.474735,6.169889,6.1286573,4.8031282,1.309944,sadness
5.9945774,5.66776,3.9001684,3.7566757,1.9185773,0.5,sadness
6.0824647,5.9867687,4.8469844,4.849864,3.1923077,1.1538461,sadness
5.452171,5.8521023,4.8440537,4.957054,2.1423757,1.862069,sadness
5.0779357,5.289518,5.2213173,5.2000847,3.6669757,1.1914282,sadness
5.173127,5.2701645,5.184353,5.201023,3.7513332,1.104536,sadness
5.5023413,5.0412736,4.820041,4.833762,2.5415332,1.0031676,sadness
5.6473184,5.52464,5.6743183,5.2411156,4.227517,0.9556271,sadness
5.900164,5.617103,7.105279,6.3837776,5.549959,1.4616836,sadness
4.907257,4.7647357,4.4619207,4.564355,2.691641,1.0348651,sadness
4.6601496,4.4260044,5.7045884,5.8424873,4.3424,1.5495129,sadness
4.9158998,4.867728,6.315363,6.4637184,4.9380784,1.6095867,sadness
5.613964,5.3258247,6.767507,7.3270693,5.530663,1.765686,sadness
5.5359583,5.1439066,4.7021604,5.314794,3.9875226,1.0283153,sadness
6.38793,6.131219,4.9752784,5.2608056,2.9617054,1.1327043,sadness
6.2827826,5.569166,3.9361556,4.0695744,2.0501378,0.72025967,sadness
5.665389,4.8482904,3.8930624,3.912889,1.838331,0.33381853,sadness
5.5726886,5.3159304,4.108014,4.393021,2.4306087,0.5166601,sadness
5.360827,5.461622,6.473709,6.3112726,5.1258497,1.3370155,sadness
5.180739,5.3310084,4.6362734,4.5788627,2.0766354,0.8134275,sadness
5.725872,6.0478587,6.985929,7.470296,6.570695,2.3674822,fear
4.7323656,4.6964445,5.6938496,5.201275,4.249691,1.3924272,fear
6.0513277,5.354017,4.5310955,4.603054,3.5228598,1.3243841,fear
5.5832396,6.01729,7.4436364,6.99092,6.3298945,2.6316679,fear
5.893482,5.2851806,5.1645374,5.615597,4.197434,1.697879,fear
7.814028,7.8100567,5.9720507,5.967679,5.2088366,2.3511527,fear
5.0277586,5.503822,6.483653,6.0781727,5.1675377,2.1139927,fear
5.654172,6.1798882,5.3229713,5.315051,3.7155063,1.8120284,fear
4.564385,5.2503304,5.8847284,5.2612543,4.701135,1.8546152,fear
5.5127897,4.923556,6.2392044,6.4018593,5.188847,1.6609095,fear
5.3557134,5.074241,5.4681683,5.340761,4.0963454,1.2380953,fear
6.1251855,5.5755653,5.9781814,6.1671267,4.875712,1.7921511,fear
6.1725707,5.3387156,6.1299143,6.9803467,5.6265197,2.1464815,fear
4.938521,5.0260825,6.830113,6.0351524,5.7216806,1.8435062,fear
5.9169745,6.0228043,5.1542645,5.135313,3.8573437,1.2707298,fear
5.9829993,5.996094,5.935605,5.9260063,4.5857778,1.7692584,fear
5.564556,5.4681644,4.714438,4.896991,3.2292972,1.1145605,fear
5.751574,5.502312,5.8626137,5.7822285,4.625476,1.7877729,fear
5.896388,5.450944,4.632957,5.1812334,3.8736832,1.2564198,fear
4.9069858,4.7153306,8.320934,8.898408,7.5178223,4.141611,fear
6.1968274,6.405633,6.8209095,6.1300573,5.5167937,1.8540943,fear
5.4234676,5.2655115,4.805355,4.7765503,3.4415498,1.4033041,fear
5.7529716,5.8805027,5.8466167,5.6565495,4.829143,2.0831919,fear
6.233878,5.8356705,5.5569468,5.7357855,4.26832,1.8617141,fear
5.679184,5.683252,5.743539,5.1473513,3.9387245,2.024578,fear
6.474352,6.2631617,4.8628845,4.409513,3.2805593,1.2041595,fear
5.704799,5.6876574,5.21815,5.353387,3.8554187,1.6654595,fear
5.483635,5.7928967,4.790173,4.6152897,3.262029,1.2181674,fear
5.6441073,4.619707,6.1747804,6.5148535,5.869516,2.2113895,fear
5.6978846,5.376838,5.1372633,4.96846,3.2094154,1.8754629,fear
5.69903,5.5154524,6.1310015,5.3105936,4.3635364,1.849385,fear
5.170988,4.669759,5.4772773,6.128582,4.905919,1.1388184,fear
6.2687216,5.2711,4.6474104,5.2764087,3.4975693,1.3168222,fear
5.291932,5.4905953,6.9906616,5.9858413,5.740714,2.3657312,fear
5.594097,5.44158,4.952738,4.973927,3.4374835,1.6805598,fear
6.0919194,6.149581,4.7099185,4.5506,3.069159,1.2068965,fear
4.6792135,4.6959577,5.6620345,5.6322517,4.198356,1.3994521,fear
5.371575,5.525049,5.3668957,5.2448473,3.6942227,1.5215772,fear
6.215237,5.7985697,5.1314774,5.1731296,3.4067855,2.361635,fear
6.010379,5.8483233,6.981878,7.2309866,5.9189634,2.2851353,fear
5.2650313,5.3958216,5.577797,6.106942,4.4030194,1.4394044,fear
5.8591266,5.874252,4.8033257,4.428544,2.9977834,1.614191,fear
5.5373583,5.5190067,4.8398666,5.4653935,3.4134567,1.6117547,fear
5.2226257,5.302004,4.9354644,5.065569,3.096799,1.6724155,fear
5.5723386,5.3785048,4.9645767,5.2450733,3.1133652,1.9238576,fear
5.5592613,5.4344354,4.758486,4.9019403,3.6006742,1.4793574,fear
5.4406195,5.6159353,5.4750743,5.4740505,3.9555902,2.002065,fear
5.0632195,5.4374394,6.6239576,6.2182827,5.4790964,1.3135487,fear
5.9148054,5.949423,5.159557,5.00784,3.4003677,1.5508063,fear
5.820865,5.8012,5.6815405,5.6433344,4.9472523,0.94607705,fear
4.431724,5.2338104,7.091046,6.150141,6.078272,1.7535921,fear
5.574051,5.348903,5.253121,5.388204,3.373102,2.3744013,fear
5.637751,5.39253,5.572503,5.7910624,4.210855,1.7368422,fear
4.972682,5.071495,5.3440766,5.744115,4.1699734,2.0854392,fear
5.3068943,5.185566,4.6868386,5.074375,3.1308415,1.4728804,fear
5.4464283,5.5400724,4.388512,4.5670986,3.073846,1.0744356,fear
5.723165,5.598542,5.408457,5.5042095,3.8246965,1.8698199,fear
5.514749,5.7475767,4.9850082,5.1512365,3.85,1.5508063,fear
5.564931,5.7376366,5.002869,5.182473,3.550352,2.1,fear
5.740815,5.497275,6.8256373,6.0801816,5.085989,1.9444444,fear
6.132716,5.834051,5.5902424,5.4892454,3.4970596,2.1478982,fear
5.7879577,5.695095,6.025452,6.50589,4.092734,2.4363348,fear
4.8949795,5.2467804,5.3399925,5.5727916,3.7502315,1.6666666,fear
5.6283035,6.0346384,4.6894927,4.641931,3.0831907,1.2496101,fear
5.762872,5.374215,5.1131067,5.999428,4.3492527,1.7088007,fear
5.657842,5.763258,4.8856106,5.304831,3.841167,1.9413301,fear
5.7417884,5.754285,5.0154676,4.850775,3.3209639,1.6019988,fear
5.702178,5.3937874,6.262643,7.048933,4.7893915,3.0560606,fear
5.6541386,5.5951185,5.056801,5.332577,3.3197317,1.8214078,fear
6.8957443,6.1490765,4.1878543,4.59232,2.8526433,1.1929278,fear
6.1080346,5.20435,4.815622,5.012388,3.3327844,1.459446,fear
5.6904993,5.2033467,4.81144,4.9845104,3.0010667,1.9216659,fear
5.4326463,5.1700773,4.920501,5.164468,3.5787396,1.086429,fear
5.348243,5.0176606,7.110674,7.6202374,6.363808,2.619888,fear
5.728842,5.5068426,5.4326634,5.818886,4.347155,1.7506678,fear
5.547392,5.508109,4.612521,4.6339474,2.7039576,2.0383832,fear
5.521584,5.793747,4.6731663,4.2977257,2.7227259,1.2654923,fear
5.6040535,5.736415,6.682395,6.6329064,5,2.5263157,fear
5.0802107,5.06908,7.468283,7.1397457,6.0591087,2.5294118,fear
5.4831,5.176594,4.55654,4.548065,3.439994,0.77653164,anger
4.7830544,5.8285317,4.5020366,4.023079,2.8979177,0.6760139,anger
5.677953,5.1956186,4.632572,4.495573,3.2507846,0.6438484,anger
6.0438185,5.67471,4.198844,4.1866693,2.7790387,0.7791624,anger
6.182399,7.3060465,5.1386447,4.940977,4.1696773,0.8221083,anger
6.5370836,5.487667,4.355079,4.4433455,3.040916,0.91321534,anger
6.0307207,5.1420784,4.794512,5.1650457,3.5020838,0.95420426,anger
5.492826,5.8900185,5.5738306,5.103754,3.526135,1.3303802,anger
5.582949,5.5059347,5.1568794,4.689112,3.9813924,1.0495167,anger
5.308293,6.2429895,4.9809203,5.395997,4.099589,1.0511767,anger
4.7162876,6.2061567,4.6364484,4.4117613,2.8505867,0.9528196,anger
5.993723,5.6691656,4.229059,4.103276,2.7713559,0.6373269,anger
7.1479173,6.1708317,5.5316944,5.530736,4.326194,1.2615228,anger
5.951091,4.592307,6.340624,6.322439,4.658231,1.7294942,anger
5.863306,5.776126,5.449039,4.625346,3.7001803,1.4470186,anger
6.4577646,6.018937,6.8417172,7.903721,6.31321,2.0695624,anger
4.9622283,5.505358,5.095315,4.678749,3.7218893,0.81983614,anger
6.626478,5.6339703,4.3852873,4.688483,3.2832568,1.1416527,anger
6.347633,7.287018,4.18244,4.0905886,2.8214285,1,anger
6.287723,5.7557173,3.735705,3.95149,2.4696953,0.61807966,anger
5.475008,5.4405155,9.2361145,9.940941,8.559634,2.9010072,anger
5.7483463,6.214178,4.3574853,4.188162,2.9188666,0.44476643,anger
5.962514,6.0204268,4.896813,4.5477257,3.9006321,0.8561727,anger
5.798993,5.7266874,4.9746,5.3629084,3.6055512,1.6489748,anger
6.0108166,5.938421,5.2618175,5.622352,3.8078864,1.8099774,anger
5.670397,5.805298,4.79012,4.2588253,3.0182793,1.2939734,anger
6.47822,6.3046994,4.8238406,4.729084,3.5621173,0.82644963,anger
5.686601,5.992049,5.6069584,5.7896614,4.659812,1.1648705,anger
5.5943456,5.8826,5.9416337,5.7143593,4.4152927,2.062182,anger
6.0264997,5.9319057,8.072719,7.696875,7.270342,2.707388,anger
5.556532,5.187655,4.830158,4.7353506,3.089711,1.3506283,anger
5.727216,6.202066,4.6128964,4.566706,2.9176667,1.1198184,anger
5.708204,5.124859,5.8602657,6.734125,4.77574,1.9845557,anger
5.7488647,6.129114,7.2002,6.685091,5.923554,1.9966787,anger
6.707161,6.1336083,4.2266374,4.6623116,3.1153128,0.83149225,anger
5.931299,5.7293806,4.6244764,4.846264,3.0795465,1.0421448,anger
5.8705606,5.9801803,4.9281783,4.654401,3.4774644,0.90873086,anger
5.517987,5.2671237,4.9248276,4.9829817,3.165017,1.5819607,anger
6.78035,6.333054,4.93071,5.0884876,3.6177666,1.3318242,anger
6.122047,5.743641,4.765278,4.774306,3.038262,1.5413831,anger
5.5796432,5.432644,4.82708,4.9120464,3.2881198,1.2927545,anger
4.9665036,4.8545523,7.258912,8.437809,6.9290376,2.8171647,anger
5.2057686,4.883586,5.31444,6.1308103,4.0851,2.2900584,anger
5.9099283,5.8387036,5.2247224,5.4723253,4,1.700814,anger
5.9711432,5.822198,4.7940702,4.705493,3.4176826,1.1674105,anger
6.627648,6.8710794,6.0697317,6.153622,5.308022,1.1245406,anger
5.161744,5.1703267,4.8983846,4.943961,2.5174775,2.0002973,anger
5.2363567,5.176843,4.8218546,4.548809,3.4618304,0.9528196,anger
6.0138655,6.8668156,7.604704,7.126257,6.6147456,2.9948072,anger
4.8441796,6.1201353,4.2975183,3.6453466,2.7242265,0.6636109,anger
5.856247,5.57633,4.680002,4.5817714,3.6108725,0.93380946,anger
5.60778,5.2388134,3.773515,4.158763,2.6227307,0.5862069,anger
5.587404,5.490544,4.3250113,5.1398497,3.5970073,0.6215503,anger
6.3527355,5.854589,5.0766563,5.494005,3.5581841,1.9932472,anger
5.1924734,5.5770826,7.6981153,7.596115,6.7520576,2.0069325,anger
6.631547,5.956619,4.8788004,4.731735,3.7588508,0.715061,anger
5.881824,6.5081153,6.5551887,6.487255,4.2369275,3.1198661,anger
5.924,6.183318,4.62763,4.8527217,3.4975693,0.6946037,anger
5.229342,4.8726897,4.363993,4.509801,2.6823783,0.9347323,anger
5.802306,5.634445,5.0812087,5.4128165,4.020503,1.7938167,anger
5.828396,5.5403366,5.8513513,6.024538,4.1801972,2.183613,anger
6.1275477,6.109925,5.598571,5.868217,4.3482976,1.617215,anger
6.6661325,5.99907,4.2530107,4.792939,3.1522067,0.9976125,anger
6.5824146,5.8059044,5.21221,5.2766294,3.7366927,1.1453738,anger
5.204517,5.6029577,4.6705446,4.6482286,3.5003572,0.70710677,anger
5.2284245,5.6687956,4.829013,5.142105,3.940646,0.72992253,anger
5.69028,5.448407,4.2629843,4.300581,2.9301856,0.9663115,anger
5.481455,6.01217,4.005982,3.9441104,2.5351038,0.4639899,anger
5.933391,6.115782,7.0046,6.497119,5.31605,2.3690057,anger
6.135882,6.154751,5.4168096,5.400454,3.305492,2.609058,anger
5.378432,5.311369,6.838134,7.3803205,5.6140456,3.743217,disgust
5.1162224,5.2390103,5.5300207,5.4768076,4.0417633,2.0415497,disgust
6.3331842,6.4483833,5.318837,5.3925266,4.181818,1.0909091,disgust
6.4250164,5.580082,4.5329084,4.4349427,3.173766,1.1362927,disgust
7.223551,7.324397,7.5463934,6.7897964,6.261629,2.4149535,disgust
6.762393,6.1704273,5.3781204,5.652279,4.1081533,1.8313509,disgust
5.870579,5.3060107,4.2667923,4.647394,2.940611,0.71264666,disgust
6.7220445,6.9767065,5.1689305,4.8447866,4.0663743,1.2047106,disgust
5.8147554,5.69117,5.6408653,5.553944,3.3300498,1.7204651,disgust
5.570986,5.9238567,7.3895884,7.2569356,6.145927,2.160779,disgust
5.0607576,6.950737,5.226261,4.975114,3.27989,1.5816784,disgust
5.5657697,4.8468447,5.2832103,6.090605,4.5961943,1.8384776,disgust
7.3102274,5.808947,4.580509,4.3849783,2.7702396,0.9989686,disgust
6.2070003,6.3850117,5.820529,5.0364943,4.1083302,1.560492,disgust
6.6861305,6.4047914,6.1973023,6.5618286,5.6405888,1.8408935,disgust
6.4725485,5.936117,5.0895915,5.4911823,4.2054696,1.49491,disgust
5.3746424,6.778213,4.9371395,4.3023643,3.3706248,0.85271573,disgust
5.275514,5.102252,7.3263917,8.158536,6.35725,2.4455035,disgust
5.461763,5.3316183,5.51431,5.414015,3.4956331,1.3982533,disgust
6.2393317,5.9948535,4.856477,5.0807896,3.4598348,1.2688752,disgust
6.842665,6.8058634,5.2987385,5.627372,4.3111057,1.3139708,disgust
5.4539237,6.0065546,4.628151,4.3694944,3.0217788,1.3498868,disgust
8.492388,6.8911085,6.2180448,5.6390524,5.1807785,1.5607042,disgust
6.653925,6.8268156,6.1580577,6.5093927,5.1884828,1.7972447,disgust
5.214653,5.3538637,6.9662538,5.957064,5.4690347,2.1735082,disgust
6.2339115,6.1095963,5.4153385,5.1490273,4.001543,1.5565473,disgust
6.618339,6.3877134,5.537816,5.278623,4.120485,1.6120687,disgust
5.4167457,5.4192677,6.15993,7.372472,5.772948,2.6054676,disgust
5.6091795,5.3439407,5.9632936,6.249531,4.811645,1.4761904,disgust
5.7506347,5.9589634,4.958162,5.1024714,3.459366,1.1353126,disgust
5.9272337,5.644743,5.456335,5.376086,4.154121,1.1638398,disgust
7.209523,6.888236,6.2015667,6.2603655,5.272279,2.4413114,disgust
5.9697266,5.8777304,5.9829545,5.0549273,4.2552595,1.654737,disgust
5.6078863,5.5578284,4.3400717,4.8386183,3.2326355,0.48714617,disgust
6.3992143,6.3151255,6.181647,5.564616,5.0958395,2.0474422,disgust
5.347766,5.391194,6.5786057,7.6577945,5.8916497,2.35666,disgust
5.655425,5.6089325,5.057477,6.146515,4.472522,1.1759076,disgust
5.491272,5.316131,5.1270103,5.54408,3.7053523,1.5408926,disgust
5.9144745,5.5015793,6.1912165,6.3232775,4.8267565,2.236068,disgust
8.245212,7.4828796,4.8684683,5.494294,3.9953215,1.2494388,disgust
5.402424,5.125726,5.51077,5.2916107,4.25,1.0012492,disgust
6.1114874,6.2318697,5.017362,5.2236857,3.816284,1.547027,disgust
6.4689417,6.521703,6.9766254,6.6051464,5.789681,1.7871424,disgust
5.4850187,5.8469086,5.2018166,4.7464604,3.5278463,1.7130059,disgust
5.7617836,5.610759,5.624786,5.8695145,4.378078,1.7744431,disgust
5.378416,5.350356,5.9587646,5.8625154,4.394794,2.2477474,disgust
5.290467,5.661233,6.3058567,6.550514,4.7283683,2.5724788,disgust
5.8774137,5.486753,5.063858,6.321211,4.869543,1.7196168,disgust
5.640507,5.572795,5.82251,5.573731,4.3437223,1.7396595,disgust
6.8084717,6.354459,4.553709,4.918661,3.3351848,0.8888889,disgust
6.2985463,6.5583487,4.493273,4.385468,3.002218,0.6583555,disgust
5.051743,5.212629,5.9308577,5.3696203,4.378164,1.1950808,disgust
6.2199183,6.270631,6.352285,6.243621,5.0439467,1.8976295,disgust
6.297365,6.1959686,8.8475275,9.746162,9.196738,3.471311,joy
5.6932926,5.971177,5.9419436,5.3638716,4.996359,1.6652218,joy
5.848898,5.951392,7.638729,7.2963066,7.003165,2.4742439,joy
5.3591633,5.45228,6.4115024,6.9536524,5.9672623,1.7796414,joy
5.3453574,5.4601436,8.604332,8.355137,8.314614,2.7528393,joy
6.013921,5.5716796,4.400411,4.3696747,3.3516755,0.93026054,joy
6.052141,5.623395,5.388032,5.471066,4.711111,1.8605211,joy
6.1596155,6.195021,9.130135,8.368025,8.602802,3.2592869,joy
5.9865913,5.482524,5.8741326,6.345565,5.285308,1.7616607,joy
5.792955,5.245696,6.3132343,7.21694,5.9883156,2.370375,joy
5.509317,4.9216957,6.0582695,7.4887,6.440885,1.430035,joy
5.6444836,5.722929,7.5752735,7.616168,7.0608196,2.9077778,joy
5.558413,5.51933,8.155523,7.800041,7.4395604,3.2221658,joy
6.101915,6.2417765,6.0057893,6.01054,5.215362,2.2749472,joy
4.9694324,5.6887636,6.2949357,4.908091,4.7356596,1.9440709,joy
6.175544,5.9969635,5.444949,5.7558155,5.0625,1.375,joy
5.8988414,5.324998,6.0106606,6.645227,5.6361814,1.818624,joy
5.744659,5.346395,7.99263,8.509001,7.8470683,2.5414214,joy
6.3633757,5.4875364,6.0573893,5.792064,5.297058,1.4717643,joy
6.429546,5.7897463,6.3590317,6.3454123,5.402426,2.3488808,joy
5.687665,5.7688823,5.279601,4.614216,3.9335968,1.5930645,joy
6.246171,6.090651,7.73069,6.5681963,6.7778754,2.722637,joy
6.516424,6.2714086,6.8161745,7.124792,6.420823,2.4250567,joy
6.0846233,5.1538343,5.997842,6.708417,5.7455406,1.4252933,joy
5.931865,5.2350636,6.167721,6.6519713,5.7571516,2.190064,joy
5.5937595,5.6885915,6.846974,6.0700035,5.528474,2.0459657,joy
5.402652,5.8383126,10.016771,8.365606,8.70619,3.305596,joy
6.4709263,5.9832487,6.3825417,7.570025,6.5961685,2.219128,joy
6.2516303,5.712946,5.9820538,5.9915495,5.3598356,1.4105641,joy
6.2876296,5.9608784,6.66189,6.5627165,5.8519225,2.7518175,joy
5.7828035,5.777064,8.510156,7.8825765,7.804657,3.578197,joy
5.488458,5.7719274,6.2966037,6.233165,5.7320533,1.4505036,joy
5.625585,5.783016,6.8765826,6.828047,6.350925,1.6782248,joy
6.2482653,6.2269897,6.491508,6.129363,5.789262,1.3960261,joy
6.5005555,6.4505367,7.455673,7.209664,6.902898,2.139956,joy
6.0584574,5.332531,6.998229,9.6346,8.241602,1.781011,joy
5.9544344,6.1875954,5.9124517,5.2194657,4.5094,2.1622803,joy
6.0952845,5.841186,5.667575,5.917999,5.027364,1.7116885,joy
5.981827,5.915514,6.816081,7.296674,6.6243563,2.250667,joy
6.089381,5.992581,6.2641983,6.553877,5.7134123,1.8867962,joy
5.9248047,5.7671514,4.7060313,5.170675,3.812288,1.3481367,joy
5.9257827,5.863926,5.5502872,6.335176,5.1959386,1.890914,joy
6.495868,5.737108,6.322758,7.1613054,5.9571514,1.9476163,joy
6.531451,5.853912,7.2394104,8.050077,7.1245174,2.3155706,joy
5.2542267,5.2865396,8.22708,8.856886,7.9925184,3.6049588,joy
5.99681,5.893401,10.236835,10.402527,10.382013,3.8209946,joy
6.169532,6.307683,7.5153112,7.100158,6.82863,1.96958,joy
5.95039,5.8399916,5.6049657,5.26943,4.7840085,1.1562942,joy
6.2716823,6.4279366,7.23625,6.486312,6.450104,2.1706078,joy
5.644997,5.780628,5.0041213,4.9508324,3.9593577,1.2298598,joy
5.6133113,5.728506,6.7301326,6.76879,6.088525,2.5689585,joy
5.805999,6.0021234,6.3464003,6.7462673,6.1669307,1.4093285,joy
6.248745,6.239814,7.5457125,7.6643734,7.300658,2.4951315,joy
5.7026167,5.8148227,5.2297735,4.5543175,3.81185,1.3922123,joy
5.945894,6.149434,7.708362,6.635857,6.7591777,2.8073263,joy
6.698111,6.571351,5.3857236,4.8566475,4.4047775,1.0907295,joy
6.7723203,6.9617167,6.995306,6.084772,6.2681127,1.8892409,joy
5.7495704,5.7844496,6.457444,6.7951517,6.0529275,1.7039508,joy
5.720662,5.841236,7.9949017,8.412304,7.838471,2.8507724,joy
5.639288,6.0316358,6.1739397,5.132125,4.8748727,1.3619084,joy
6.118252,5.8429766,7.065578,6.4775805,6.410281,1.8502921,joy
6.3754535,5.877824,9.142593,9.979759,9.470462,3.2387738,joy
6.015178,5.1851544,5.025781,5.4091473,4.3349576,1.6234982,joy
6.010207,5.0952706,7.3610153,7.900356,7.3364167,2.8009164,joy
6.1240206,6.3596115,5.6300726,6.3355513,5.571484,1.7376239,joy
5.739363,5.854033,8.787663,10.028601,9.351826,3.2701135,joy
5.179415,5.2093277,8.404004,9.914111,9.060436,3.7188795,joy
6.0176682,5.9363,5.878954,5.693104,5.0798497,1.6573929,joy
5.9195023,5.867976,10.332446,9.848736,9.882412,3.2430296,joy
6.3181806,5.8856926,6.28348,7.0076704,6.1019545,1.8867962,joy
6.2105117,5.7918687,7.9700727,8.86157,8.049075,2.395608,joy
5.8833547,5.39352,5.947125,6.4136605,5.5836215,1.6601498,joy
5.63762,5.254277,7.6743064,8.186836,7.668059,2.316638,joy
6.310001,5.7547874,6.0132694,6.6327343,5.468869,2.3216898,joy
6.052494,5.710329,9.652902,10.360707,9.895038,3.528039,joy
5.957993,5.8882275,4.978753,4.859895,3.6191952,1.4474156,joy
6.3397474,6.093355,6.008424,5.7601404,5.121234,1.665742,joy
5.7777047,5.8229055,4.984732,4.8196735,3.9624896,1.4374152,joy
6.049402,6.149166,6.5733404,6.608982,6.228965,2.2909114,joy
6.401973,6.4434853,4.5311174,4.951537,3.5629115,1.1302029,joy
6.6837626,6.7790575,5.954649,6.63563,5.8137765,2.2314367,joy
5.5695257,5.526561,5.7192945,5.6640816,4.7169313,1.6699593,joy
5.6111746,5.2438173,5.6352563,6.092494,4.964172,1.8514836,joy
5.470326,5.2438173,6.4058294,6.939558,5.9834757,2.198109,joy
6.2406425,5.973482,5.5089836,5.1228275,4.50443,1.5643501,joy
6.3325996,6.2786155,7.1091166,6.44808,6.3419785,2.5844362,joy
5.506725,5.358904,6.367732,5.689633,5.4962006,2.0420241,joy
5.2222147,5.2211127,10.089905,9.415983,9.761106,3.1348703,joy
5.8588037,5.865526,5.99148,5.565763,4.6219587,2.059733,joy
5.7370462,5.733382,7.955327,7.8263416,7.199127,3.1991425,joy
5.771612,5.540274,7.908167,8.242416,7.305731,2.5355601,joy
6.7682996,6.527404,5.468855,5.0666857,4.5445976,1.8483666,joy
6.920297,6.646926,8.7999115,8.046808,8.436964,3.2212532,joy
5.550102,5.4355574,5.952644,7.446405,6.248319,1.1594819,joy
5.491639,5.237227,5.0354695,5.5330896,3.7700157,1.9234614,joy
5.505524,5.4565325,4.7999525,5.14935,3.5730355,1.4660269,joy
5.4239297,5.3678813,5.084684,5.5622015,4.869759,1.220493,joy
5.4531684,5.567365,5.2412505,5.6676855,4.8657446,1.6946086,joy
5.544554,5.5189457,6.7343106,6.876749,6.0860195,2.8181682,joy
5.3382907,5.7621717,6.239227,6.4544563,5.7836213,1.9979271,joy
6.1265693,5.976396,6.2589808,7.150466,6.10709,1.8791047,joy
6.1929255,6.117118,8.015996,9.045246,8.286946,2.642857,joy
6.0541058,5.9694195,7.8214626,8.4021225,8.071745,1.5016997,joy
5.542502,5.6465435,4.6766844,4.7405496,3.6162028,0.7692308,joy
5.9567103,6.312851,7.4741993,7.1489916,6.674359,2.454288,joy
6.231959,6.314572,10.295974,10.008365,9.8,3.6,joy
6.1109924,5.8604174,5.412007,5.377592,4.42586,1.1900797,joy
6.328579,6.371813,7.86132,7.4976063,7.250877,2.9275923,joy
5.314869,5.9502735,6.9618974,5.710843,6.1994715,1.4033115,joy
5.681692,5.626441,6.7524776,6.651963,6.0601153,2.2549944,joy
5.7725654,5.393768,5.3034415,5.379595,4.6717186,1.3763287,joy
5.481187,5.1860504,6.924665,7.7064238,7.0079627,1.6124516,joy
5.4579716,5.3904853,4.808397,5.414138,4.182856,1.466478,joy
5.4482,5.443482,4.8360066,5.5022726,4.581363,0.9910712,joy
5.5723886,5.6403365,10.403929,11.029329,10.421447,3.89409,joy
6.3878593,5.792813,5.727294,6.2071033,5.3271675,1.6981353,joy
6.235726,5.942439,8.2827,8.016363,7.671303,3.339328,joy
5.5887356,5.712549,5.226853,5.239287,4.626372,1.2088531,joy
5.6533074,6.005232,9.476681,9.313955,9.333705,3.001157,joy
6.5196085,6.0998306,7.1802998,7.0575914,6.813647,1.2562344,joy
5.916109,6.0847383,6.181246,5.7281218,5.2562685,1.8848255,joy
5.6592393,6.167202,5.9845743,5.607156,5.2075696,1.2134148,joy
5.8952885,5.64956,4.6295815,5.2977457,4.190688,1.3068706,joy
5.9523993,5.7092004,6.0585933,6.6999555,5.6173587,1.6766994,joy
5.4244347,5.8417764,8.005205,7.95291,7.1959524,2.9219978,joy
5.605486,5.3889804,6.650893,7.2634935,6.2397323,1.882353,joy
5.4043612,5.202966,10.378835,10.581216,10.088841,3.8333333,joy
5.820733,5.6842947,5.158111,5.498913,4.3424,1.1981835,joy
5.633929,5.7679586,4.960561,5.2844453,4.2256575,1.1377091,joy
5.793228,5.923298,5.956609,6.9706364,5.8152227,1.9187709,joy
6.6649933,6.371543,4.661982,5.172939,4.1649275,0.9168176,joy
5.731679,5.1869802,6.2786684,7.3618746,6.260562,1.6839153,joy
5.8696327,5.137783,8.279496,9.994815,8.475013,3.305596,joy
5.8954706,5.898698,6.5433006,7.0714483,6.3029857,1.6853685,joy
5.850204,5.5090876,7.5674877,7.9402485,7.0560336,2.861091,joy
5.595604,5.567549,6.23126,5.7110567,5.1902814,1.2160009,joy
5.726053,5.5905824,6.102133,6.411483,5.8593783,1.4398508,joy
5.8301153,5.59488,8.338957,8.793507,8.481093,2.5688488,joy
5.715604,5.915065,4.935276,5.135685,4.6789727,0.95464146,joy
5.6011553,5.698575,6.9959335,6.343713,5.9886403,1.9970796,joy
5.6684713,5.713241,7.1628366,7.079509,6.385079,2.0531404,joy
6.0625353,5.9633245,5.677016,5.4635487,4.8095236,1.3333334,joy
6.1799583,6.293395,10.281502,9.671366,10.048503,3.0738049,joy
6.1878786,6.18509,6.6331115,6.44733,6.2224703,1.5010285,joy
5.1032352,5.4352846,4.2546325,4.3262544,2.7959929,0.8777883,N/A
5.304758,5.4593143,4.2790146,4.2188044,2.7594483,0.84007007,N/A
5.369585,5.398324,4.3332753,4.3033495,2.856548,0.8368092,N/A
5.277621,5.3668137,4.399769,4.415388,2.9355829,0.9146866,N/A
5.476163,5.4872704,4.257715,4.3234186,2.8128088,0.89607555,N/A
5.5523744,5.5324826,5.643895,5.5420017,3.8253574,2.1291893,N/A
5.967237,5.8014393,5.8059096,6.1726246,4.14445,2.5844755,N/A
6.1668854,5.6695113,5.7299347,5.830376,4.0213614,2.30996,N/A
4.7931194,5.083168,4.4151993,4.264189,2.8235993,0.9216,N/A
4.931266,5.1715527,4.308252,4.2279377,2.8087459,0.9040507,N/A
4.835013,5.1756153,4.301413,4.1284595,2.788543,0.88466084,N/A
5.994245,6.141657,5.1545486,5.2297163,4.4104676,1.5851686,N/A
6.0946035,6.2127223,5.416235,5.5737457,4.8705177,1.5987839,N/A
5.3701053,5.4763675,4.5344124,4.416348,3.001808,0.96036917,N/A
5.296922,5.5209656,4.718988,4.8810906,3.2906349,1.0452487,N/A
5.458608,5.568733,4.837961,5.144067,3.4815662,1.1200169,N/A
5.2332764,5.37836,4.643685,4.614971,2.58124,1.8626862,N/A
5.4623623,5.4745593,4.5518646,4.703547,2.5366974,1.8583776,N/A
4.9876046,5.082942,4.578885,4.657482,2.5960236,1.6980048,N/A
5.8099346,5.578404,4.585176,4.313135,3.3951476,0.74434805,N/A
5.5998025,5.616042,4.508442,4.35936,3.3486586,0.7207354,N/A
5.5488143,5.660364,4.5388603,4.3686595,3.4085138,0.74980634,N/A
6.287864,6.3737903,6.4903693,5.371601,5.371963,1.5152088,N/A
6.284578,6.6137056,6.6645775,6.0261455,5.8613377,1.1874977,N/A
6.664885,6.8688836,8.098539,7.655323,7.4957037,2.2254388,N/A
6.5923834,6.311661,6.97089,6.1010695,5.8942738,2.147952,N/A
6.086414,6.260602,4.663329,4.5918865,3.4669871,1.0717503,N/A
6.334349,6.1024857,4.6962595,4.617632,3.441343,1.0462914,N/A
6.100437,5.745556,6.241165,6.2275276,5.726819,1.4363332,N/A
6.029701,5.858375,8.612664,8.352876,8.232127,2.2624917,N/A
6.112958,5.7620983,11.931205,11.905855,11.891719,3.459172,N/A
5.917069,5.668347,10.479423,10.637001,10.474809,3.5446954,N/A
5.9289126,5.557405,8.979615,9.177437,8.732864,2.9451923,N/A
5.898784,5.6602116,7.7913446,8.064205,7.30989,2.325644,N/A
5.7292647,5.9912143,5.0421257,4.662943,3.9738371,0.8747267,N/A
5.4422398,5.124565,5.1170807,4.989443,3.8528574,0.71024716,N/A
5.354734,5.215864,5.642079,5.4221725,4.2998896,0.75840783,N/A
5.4429436,5.3415728,5.2902346,5.0576205,4.1505857,0.8281433,N/A
5.6020193,5.6172686,4.6852345,4.51813,3.3121572,1.179372,N/A
5.438383,5.5107384,4.478525,4.455777,3.0632107,1.1914097,N/A
5.580501,5.5252542,4.722677,4.668622,3.3403556,1.4330705,N/A
5.5326376,5.485879,4.662481,4.6548395,3.1747215,1.4431907,N/A
5.5593643,5.0446863,4.2860126,5.1312227,3.85771,0.39424807,N/A
5.7098346,5.32502,4.335372,5.0724726,3.751456,0.47703823,N/A
5.4400597,5.1303988,6.063339,6.8992968,5.4538574,1.9052918,N/A
5.6334696,5.3206444,6.3876295,7.8383503,6.0927787,2.533098,N/A
5.6835737,5.115267,5.0654516,5.7888775,4.2222953,1.5327897,N/A
5.864827,5.6599903,4.5400705,4.777138,2.8693826,1.3091635,N/A
5.5105762,5.342105,4.7927275,5.0201664,2.9585752,1.4119043,N/A
5.707965,5.452,5.617212,6.6700344,5.008698,2.0086868,N/A
5.7774124,5.3377385,6.3061748,7.6969757,5.9280276,2.5202951,N/A
5.67886,5.2475204,6.366646,7.738799,6.204457,2.3351297,N/A
5.5775886,5.443688,4.45214,4.790562,3.1115074,0.74134415,N/A
5.52774,5.105687,4.835372,5.507352,3.8624709,0.7379768,N/A
5.55341,4.9694314,4.4755006,5.060893,3.384063,0.6396162,N/A
5.470129,4.982937,4.404201,5.1099663,3.3634613,0.6396162,N/A
5.459826,5.322946,4.9848423,5.524494,3.0505154,2.0749087,N/A
5.3466687,5.2152534,5.128383,5.4709406,3.209653,1.7602801,N/A
5.810912,6.052873,3.8818212,3.7761319,2.3271334,0.7538996,N/A
6.498544,7.0157237,5.2450447,4.8651285,3.5662293,1.7351415,N/A
6.3434315,7.121338,5.4318767,4.7608523,3.7137818,1.6087321,N/A
5.7719536,6.1862245,4.102962,3.8993912,2.2711132,1.0343053,N/A
5.687148,5.8879175,4.5657234,4.289357,3.2567677,1.119467,N/A
5.6968627,5.958988,5.319833,5.064516,4.338148,1.6084099,N/A
5.652829,5.798549,5.7709885,5.4525967,4.9344764,1.8605211,N/A
5.4858456,5.646895,4.0836987,4.1145434,2.5128882,0.839381,N/A
5.285628,5.6881075,4.3221583,4.1452684,2.5886204,0.73189396,N/A
5.0362744,5.37022,4.2003417,4.1993527,2.6193266,0.6929443,N/A
5.7001224,5.974146,4.2219443,4.070137,2.1026454,1.2965697,N/A
5.518874,6.080367,4.1635046,3.9427829,2.2080965,1.314438,N/A
5.50133,5.7622147,4.2577295,4.0858326,2.6525784,1.3248937,N/A
5.6013603,5.5680065,4.35535,4.136819,2.9563992,1.5407887,N/A
7.713777,6.8356967,4.190717,4.271605,2.6862736,0.7212212,N/A
7.8584547,6.4860244,4.21893,4.264279,2.656335,0.6892455,N/A
7.5187936,7.01332,5.3443913,5.2043605,4.095185,0.97591394,N/A
7.387973,6.6971083,5.841289,5.5376496,4.550059,1.5244327,N/A
7.4769483,7.1414757,6.2385306,6.142765,4.963154,1.907292,N/A
7.2232456,6.7577133,6.069314,6.019625,4.807511,1.7541958,N/A
6.6443834,6.279483,4.501333,4.5566597,2.9999998,1.0549946,N/A
6.711137,6.5336895,4.4559927,4.4363236,2.8924887,1,N/A
6.977397,6.659087,4.9828997,5.001487,4.2296286,0.9166667,N/A
6.8093643,6.4608684,5.3638105,5.2030773,4.6298,1.0452673,N/A
6.99505,6.493226,5.3090553,5.3488483,4.6663613,1.0019724,N/A
7.084275,6.6425595,4.6632843,4.756097,3.7986186,0.7636372,N/A
7.181865,6.617882,4.66897,4.635005,3.3289235,0.8269231,N/A
6.7374015,6.5379524,4.859704,4.844529,3.2776227,0.94116026,N/A
7.0185747,6.6790347,4.9804754,4.8208447,3.340539,0.84023803,N/A
6.682965,6.5577497,4.6288943,4.585185,3.1157582,0.80777186,N/A
6.408367,6.0212874,4.670497,4.7397575,2.8500497,1.3296903,N/A
6.3919883,6.074558,4.716098,4.9012284,2.9596748,1.3440562,N/A
5.6789255,5.8367624,4.499239,4.6893682,3.2137053,1.1370687,N/A
5.841118,5.98109,5.3722405,5.2316904,4.083362,1.7405752,N/A
5.898149,6.0555696,6.0024867,5.433614,4.5651636,1.9267246,N/A
5.718092,5.8391495,4.3244543,4.4822845,3.0181935,1.2261227,N/A
5.626815,5.706571,6.21599,5.9061537,5.1587863,2.0803108,N/A
5.532568,5.6044965,8.625441,7.802552,7.5109763,3.0783942,N/A
5.576721,5.7630677,4.335238,4.3896675,3.1416252,0.9266081,N/A
5.2946315,5.433215,4.6754174,4.606333,3.2264152,1.0945023,N/A
6.493853,6.1644297,4.6392703,5.0169973,3.4063768,0.7839596,N/A
8.093175,6.71492,5.273718,5.601551,3.5797498,1.4475862,N/A
8.23229,6.701292,5.413321,5.9028206,3.7955441,1.6870549,N/A
8.256149,6.2015257,5.3845787,6.307375,4.0131154,1.9687041,N/A
7.1555047,6.850994,4.120177,4.5043626,2.7453167,0.78907984,N/A
6.6654634,6.067731,5.032444,6.037731,4.7770925,1.3373125,N/A
6.849528,6.2576537,5.9995227,6.847902,5.8037076,1.9118505,N/A
6.5219684,5.998745,4.992203,5.790307,4.409794,1.3714571,N/A
6.576208,6.3520284,4.1404624,4.3913574,2.7265968,0.69907,N/A
6.934112,6.3531313,4.0798826,4.7410073,2.6579475,0.7593477,N/A
6.5315084,6.169748,4.497497,4.7384114,2.8830607,0.73048216,N/A
6.5533333,6.242881,4.388977,4.6943135,2.534671,1.6082408,N/A
6.070886,5.914587,4.4112167,4.808978,2.46034,1.7629712,N/A
6.6010313,6.2252984,4.370551,4.9313064,2.616534,1.608765,N/A
5.7822943,5.873719,4.0700464,3.9886289,2.1639419,0.90981793,N/A
6.008527,5.9422026,4.101727,4.004637,2.2868302,0.78753847,N/A
5.8068466,6.255125,5.8899245,5.7862744,4.2858095,1.9430673,N/A
6.5983663,6.640359,5.555403,5.466235,3.9460022,1.7107435,N/A
6.141224,6.057028,5.053779,5.2135677,3.5945349,1.3807664,N/A
6.1900425,6.002283,4.401942,4.429202,2.7980232,0.98288405,N/A
6.337673,6.1158085,4.424085,4.4904833,2.8312566,0.9274386,N/A
5.9969306,6.0293593,6.414334,6.074214,5.377501,1.6212548,N/A
6.0267334,6.0786533,6.4603195,6.262414,5.6746325,1.6489325,N/A
6.084206,6.186487,5.8289356,5.7316055,4.9025483,1.4504087,N/A
5.9180503,5.945095,4.43772,4.2904687,2.7402709,0.7591291,N/A
5.741377,5.3990517,5.0614896,5.10625,3.4536536,0.9553803,N/A
5.7287564,5.701109,5.120605,5.149937,3.546694,0.8819885,N/A
6.1249204,6.06194,4.5077424,4.704393,2.60213,1.5684122,N/A
6.0754323,6.1351137,4.5682077,4.5603437,2.6380458,1.3447382,N/A
5.526563,5.495004,4.608241,4.715438,3.321603,0.9383437,N/A
5.5829234,5.5774155,5.03571,4.9705086,3.6882167,1.1218219,N/A
6.6243753,6.779722,12.115936,12.934923,10.7406645,5.8688655,N/A
6.283799,6.347337,12.515303,13.096561,10.92493,5.5548205,N/A
6.0538063,5.6429234,7.9529533,9.210273,8.122164,2.5651412,N/A
6.086222,5.750784,7.0580626,8.010796,6.8329105,2.2895465,N/A
6.020384,5.8600082,5.446126,5.556012,4.1909795,1.1210072,N/A
5.536422,5.18387,5.1160603,5.252359,3.708751,1.025234,N/A
5.365273,5.0427914,5.2827992,5.56837,3.9877207,1.1072731,N/A
5.481873,5.356221,5.446241,5.793347,4.194712,1.1695207,N/A
5.241308,5.2255764,5.537598,5.50102,3.86808,1.9469234,N/A
5.6317887,5.548809,5.3828673,5.612477,3.8607914,1.8642876,N/A
6.0601435,5.635376,4.09068,4.3321013,2.5473309,0.9535208,N/A
7.285361,6.4383755,4.4338927,5.0469193,3.1536245,1.9225206,N/A
7.4054966,6.3382916,4.592044,5.0585713,3.2292972,1.8264832,N/A
6.9810157,6.108944,4.454392,5.0411997,3.110356,1.7404337,N/A
6.5006833,6.148986,4.6749,5.440187,4.098628,1.7235814,N/A
6.363077,5.882573,5.8745112,6.835621,5.719915,2.526641,N/A
6.324599,5.9020433,4.659523,5.224379,3.7615457,1.6901829,N/A
6.3691454,5.9751844,4.072529,4.341318,2.5941863,1.0312425,N/A
6.1517677,5.9571576,4.58916,5.0875516,2.7467706,1.9002558,N/A
6.0336986,5.826047,4.7138314,5.266763,2.7564363,2.1492763,N/A
6.332445,6.125052,4.558209,4.968709,2.915095,1.832997,N/A
5.5698814,5.435009,3.8023736,3.8611698,2.1080954,0.59341395,N/A
5.159119,5.1342525,3.8688784,3.9589942,2.3152807,0.5404357,N/A
6.728202,6.8281875,4.608659,4.5326805,3.2967184,0.87160397,N/A
6.813683,7.26561,5.2784233,4.863818,3.8607717,1.3249648,N/A
6.8715777,7.11664,5.48533,5.020652,4.1622496,1.5578918,N/A
5.494768,5.5515695,4.1142774,4.0339212,2.571081,0.94627774,N/A
5.5751233,5.472783,5.0073624,4.8441577,4.261757,0.8043478,N/A
5.5347757,5.4579887,5.2398405,5.0195055,4.3113403,1.1111112,N/A
5.3709087,5.5106916,5.3716526,5.2656345,4.3721547,1.4187953,N/A
5.6511087,5.4997845,4.1105146,4.101898,2.7452416,0.6183469,N/A
4.9712987,4.9477396,4.1139927,4.09411,2.5321465,0.6241051,N/A
4.900536,4.986992,4.0868425,4.1092873,2.5855782,0.5884419,N/A
5.391778,5.369686,4.3775,4.3364983,2.3702533,1.594041,N/A
5.45393,5.4824758,4.310154,4.365112,2.4365716,1.5092795,N/A
5.9632177,5.9750757,4.607058,4.370312,3.2105708,1.0414921,N/A
6.336462,6.1479616,4.489496,4.3893485,3.0816343,1.1280384,N/A
6.449136,6.734667,6.515068,5.967171,4.8236804,2.3633282,N/A
6.760598,6.6735973,6.961673,6.326729,4.939277,2.9048383,N/A
4.9032903,5.0336227,4.7083964,4.5728054,3.2637472,1.0656147,N/A
4.8851194,5.030431,4.6622305,4.5831394,3.1732376,1.1086469,N/A
5.8399663,5.722175,6.96632,6.5706205,6.0207973,1.8304818,N/A
5.716859,5.7859263,8.1779785,7.539051,7.354779,2.3281305,N/A
5.6853867,5.673234,8.659711,7.812428,7.7678027,2.466304,N/A
5.8344927,5.794558,7.205556,6.7862945,6.463163,1.9325473,N/A
6.0542545,5.840129,4.9519672,5.107709,3.9757054,1.071125,N/A
5.14357,5.070608,4.6025796,4.854515,3.1558325,1.0443763,N/A
4.9891653,4.9977865,4.676689,4.7911825,3.2045455,1.0909091,N/A
5.134182,5.0479755,4.987271,4.898424,2.867442,1.9779025,N/A
4.947794,4.9152555,5.235566,5.2079535,2.6728015,2.519359,N/A
4.929284,4.9429226,5.349032,5.326047,2.6740766,2.9993699,N/A
5.9719343,6.007024,4.308282,4.188923,2.9665375,0.74595535,N/A
5.992613,6.103814,4.0002003,4.012231,2.736676,0.6562042,N/A
6.0684013,6.14905,4.2546573,4.2622375,3.1225235,0.5974304,N/A
6.354874,6.4083796,5.001348,4.6066637,3.5561092,1.1020164,N/A
6.6231904,6.8768206,5.492623,5.288558,4.184573,1.4110721,N/A
6.3388014,6.077119,5.334296,5.3001432,4.244533,1.317299,N/A
5.272173,5.541447,4.1252856,4.038289,2.5964866,0.70958513,N/A
5.07685,5.4618254,4.1156173,4.070483,2.5485148,0.71031773,N/A
5.8948016,5.7647448,4.8358607,4.9087944,3.759727,1.1597681,N/A
5.860554,5.5948706,5.2957497,5.3551188,4.4135256,1.3695652,N/A
5.7494454,5.569312,5.3431053,5.525049,4.5544853,1.4663047,N/A
6.027741,5.9330063,4.177434,4.0287395,2.6321294,0.6502503,N/A
4.8225946,4.9037104,4.1080093,4.0836167,2.409091,0.6666667,N/A
4.8758945,5.0435343,4.132739,4.1206307,2.5238595,0.65098715,N/A
5.785621,5.9005194,4.663434,4.7009735,2.8113208,1.4339622,N/A
5.70795,5.8067603,4.5984874,4.8637147,2.9019551,1.55666,N/A
6.0808496,5.6891346,4.2058477,4.2600374,2.6888888,0.8012336,N/A
5.976844,5.803713,4.255801,4.3597727,2.8140497,0.81395346,N/A
6.6892805,6.378644,6.2776456,6.6420593,5.0754576,2.519241,N/A
6.598518,6.4670258,6.8871813,7.1922317,5.691347,2.9219286,N/A
6.665989,6.329632,7.066384,7.8958316,6.1671863,3.0606408,N/A
5.832059,5.567781,4.74042,4.8230333,3.4654286,0.977851,N/A
5.8163447,5.624544,6.1271276,6.14057,5.2334394,1.6333333,N/A
5.7471657,5.6446047,6.7357697,7.123905,6.1759734,2.416244,N/A
5.7642903,5.687913,7.321889,7.5527153,6.8374557,2.6781566,N/A
5.767845,5.637597,8.512213,8.860117,8.266191,3.3147595,N/A
5.86636,5.585558,4.620425,4.7223186,3.3812878,0.97619045,N/A
5.422961,5.2537174,5.4043593,5.297595,3.3935618,2.3151374,N/A
5.1912503,5.054103,5.753857,5.7359567,3.5820594,3.0545037,N/A
6.086833,6.1426287,4.1509957,4.28823,2.6516366,0.8736958,N/A
5.893604,6.1488914,4.020947,4.2595596,2.5752916,0.8127937,N/A
6.361635,6.112873,5.2343383,5.7250967,4.182642,1.7893672,N/A
6.2290535,6.028593,5.295805,5.890399,4.302762,1.8486296,N/A
5.736842,6.0418773,5.5017867,6.330277,4.5118527,1.9663221,N/A
5.7700634,5.6923227,4.613942,5.080413,3.349793,1.4254316,N/A
5.9805646,5.749182,4.7313,5.071627,3.8678873,1,N/A
5.780547,5.708508,5.100855,5.6651583,4.471073,1.353634,N/A
5.7504597,5.549202,5.9857774,6.3233175,5.291896,1.9687994,N/A
5.9731307,5.904421,4.6134973,4.6581726,3.2372653,0.95330054,N/A
5.4698124,5.5841093,5.152636,5.232998,3.4570909,1.9980319,N/A
5.427157,5.469937,5.040885,5.094717,3.4490128,1.649674,N/A
5.2687902,5.452918,3.9947965,3.9656837,2.4303105,0.64737856,N/A
5.2762194,5.564049,4.126004,3.9879646,2.549671,0.67486465,N/A
5.2838,5.47348,4.7055235,4.6664143,3.1494694,1.2192317,N/A
5.688389,5.926776,5.1658173,5.227396,3.8416657,1.5058323,N/A
5.469468,5.5815444,5.252352,5.361086,4.345345,1.6633863,N/A
5.3993835,5.562064,5.328336,5.547448,4.4683657,1.7146101,N/A
5.527662,5.6740713,4.605241,4.7426777,3.6235127,0.91722554,N/A
5.4376044,5.6150627,4.1556625,4.209005,2.758979,0.70480645,N/A
5.156001,5.170791,4.7299023,4.9014397,3.1372454,0.8224175,N/A
5.4008293,5.403635,4.313334,4.331285,2.7721112,1.168919,N/A
5.356006,5.368469,4.249762,4.4042645,2.6903865,1.2608037,N/A
6.5183067,5.953867,4.1229043,4.12039,2.6904645,0.67286175,N/A
6.5613427,5.675713,4.1231556,3.8147075,2.704128,0.23071794,N/A
6.408353,5.8456163,4.3351703,4.2750096,2.9978693,0.5595525,N/A
7.0229335,6.5755477,5.1320806,4.801282,3.4648817,1.371919,N/A
7.243708,6.875386,5.350627,4.980028,3.646668,1.6428572,N/A
7.132695,6.23518,5.6422987,5.4056535,4.1032186,1.8200952,N/A
5.6636515,5.51775,4.7269225,4.8586154,3.2543354,1.1181198,N/A
5.4628363,5.227144,4.371008,4.4570174,2.7731555,1.0377227,N/A
6.169722,5.856769,4.3501625,4.401162,2.7778394,0.9444444,N/A
6.131371,5.8785696,5.8971343,5.7570686,5.249312,1.3997859,N/A
6.206296,5.760092,6.05486,6.1207695,5.609477,1.5108353,N/A
5.9928,5.928973,4.358745,4.3448067,2.851912,0.7965116,N/A
5.384305,5.2149925,4.659255,4.607602,2.6555414,1.473737,N/A
5.370514,5.1641974,4.6188073,4.624442,2.6446064,1.3579834,N/A
5.7914867,5.4454637,4.068118,4.3728848,2.8315063,0.6928802,N/A
5.5724564,5.3665514,4.104845,4.443672,2.8877404,0.6585773,N/A
5.8043413,5.5001907,4.6362104,4.8423634,3.8528504,1.2129112,N/A
5.784553,5.544593,5.3817205,5.6817036,4.9090967,1.5256777,N/A
5.737468,5.4427776,5.608694,6.0259333,5.2370763,1.6473966,N/A
5.6592026,5.244229,3.9716792,4.3669252,2.7245243,0.7053402,N/A
5.527432,5.1425295,4.121383,4.4992533,2.3904462,1.4613948,N/A
5.075983,4.836751,4.34952,4.6669536,2.401602,1.7001306,N/A
6.2664742,5.799756,5.0620356,5.147053,3.8434956,1.1999096,N/A
6.0106897,5.0760846,4.554883,4.6033473,3.411616,0.8429752,N/A
5.712859,5.4983044,6.918842,6.49681,5.414308,2.2080698,N/A
5.637526,5.50035,6.613807,6.5367804,5.3803477,2.3519242,N/A
5.8319254,5.518507,5.94427,5.9223795,4.6259866,1.9993753,N/A
6.0166993,5.4492826,6.104217,6.2147617,4.7181396,2.153291,N/A
5.8980036,5.331809,6.823802,6.7027254,6.192056,1.9716574,N/A
5.8293157,5.450695,8.521461,8.385902,8.181838,2.5611978,N/A
5.954669,5.584797,10.4361105,9.848688,10.048456,3.1726363,N/A
5.886056,5.423415,7.7824774,7.4381223,6.9171863,2.471766,N/A
5.903964,5.351448,5.5776587,5.7388697,4.476117,1.4008925,N/A
5.0039563,4.952885,6.6151686,6.6025133,4.998042,1.7716271,N/A
5.0640197,4.851868,6.1888127,6.3578196,4.6334476,1.6850327,N/A
5.8549857,5.5030384,6.20737,5.890875,4.6534615,2.462717,N/A
5.8326554,5.518333,6.2901583,6.003071,4.644065,2.6527507,N/A
6.2817345,6.780879,4.296231,4.1942925,2.8334079,0.7709476,N/A
6.009283,6.5661397,3.7718751,3.8265357,2.3335714,0.5669117,N/A
6.7939396,6.6098423,5.31646,5.168843,3.7955537,1.9203877,N/A
6.373996,6.3330803,5.299072,5.072509,3.7427678,1.9738597,N/A
5.558529,5.3070264,4.064872,4.0242286,2.2111528,0.7370509,N/A
5.261682,5.448868,4.2482014,4.2211604,2.2962964,0.8333333,N/A
6.3769054,6.267879,4.949144,4.8325615,4.0670314,1.3706113,N/A
6.1910763,6.316475,5.2045183,5.023182,4.297115,1.3660713,N/A
5.943574,5.905904,4.0296555,4.12786,2.487808,0.65357393,N/A
5.2361703,5.3781285,4.4899297,4.4688416,2.8294668,0.8094466,N/A
5.51297,5.739691,4.4746885,4.311348,2.7554045,0.7755102,N/A
5.43551,5.4253864,4.091659,4.0493927,2.2205975,1.1865617,N/A
5.3335705,5.4198003,4.2168655,4.2067075,2.2634299,1.3685335,N/A
5.3194513,5.473793,4.36714,4.247753,2.1573331,1.6035806,N/A
5.558988,5.682548,4.272546,4.0160384,2.5345383,0.9407434,N/A
5.718152,5.7628026,4.121755,3.896722,2.2298665,0.980233,N/A
5.7754297,6.157551,4.051549,3.9181116,2.2122908,0.98095775,N/A
5.702853,5.855421,4.2981057,4.002326,2.3394964,1.079322,N/A
5.731351,5.723651,4.7870293,4.730936,2.9535897,1.9294072,N/A
5.8566637,5.6757617,4.732826,4.470085,2.7370806,1.9118016,N/A
6.071475,5.7922463,4.657363,4.4581504,2.8912504,1.6002221,N/A
5.5796638,5.474466,5.161124,4.7721524,3.2654614,1.7687664,N/A
5.684532,5.7903285,4.741076,4.285041,3.2705617,1.0194236,N/A
5.6416273,5.578209,5.8445735,5.2011404,4.4475145,1.9453869,N/A
5.7496815,5.5634437,6.117796,5.6692686,5.233565,2.2573237,N/A
5.58504,5.5623074,5.8874416,5.4405346,4.6879554,2.1080432,N/A
5.5929656,5.627692,4.373884,4.068881,2.8202968,0.8995028,N/A
5.1624374,4.917882,4.5839605,4.3639402,2.7578669,0.9800322,N/A
5.188431,5.103833,4.682677,4.418543,2.7,0.981835,N/A
5.3351846,5.208481,4.609716,4.3363943,2.7353728,0.9782407,N/A
5.6790705,5.6059,4.6853724,4.508407,2.9369678,1.4886962,N/A
5.388664,5.4007006,4.9318156,4.734976,2.7827156,2.1521046,N/A
5.4274526,5.286273,5.1600585,4.859516,2.8464642,2.5414488,N/A
5.239052,5.118382,5.321708,5.054205,3.0413036,2.7586057,N/A
5.2108607,5.2258577,5.0079093,4.793333,3.0188444,1.9556769,N/A
6.6513844,7.5534987,4.6044583,4.290091,3.517635,0.40639684,N/A
6.5861635,7.1999598,4.8380976,4.5152836,3.740792,0.53481084,N/A
7.375676,7.5163155,5.896861,5.78428,5.120689,1.1485661,N/A
6.808963,6.8337126,6.038088,6.0740557,5.5282726,1.6172152,N/A
6.7247815,6.9966683,6.808484,7.120423,6.377849,1.7933633,N/A
6.251346,6.026472,6.845226,7.0542164,6.83084,1.2997054,N/A
6.2910485,6.1552954,7.0370455,7.2857485,7.033533,1.6467435,N/A
6.225295,6.19425,9.050552,9.451629,9.339408,2.5208564,N/A
6.3688173,6.123807,10.09497,11.249478,10.842513,2.9943857,N/A
6.466379,6.156768,6.445735,6.835744,6.461703,1.3519745,N/A
6.3839016,6.4588013,4.759759,4.503701,3.5523264,0.77732784,N/A
4.8468304,5.000287,4.8002496,4.77059,3.5965164,0.8088977,N/A
4.804477,5.076538,4.9786453,4.937619,3.799432,0.86836976,N/A
5.1825576,5.3952417,4.5534472,4.6950607,3.183599,1.5120939,N/A
5.1830273,5.1767607,4.573769,4.969093,3.3461185,1.4411772,N/A
5.4471145,5.397686,4.585461,4.881029,3.4440002,1.2768312,N/A
7.171021,6.4342365,4.286924,4.7518616,3.311195,0.86193424,N/A
6.7458353,5.807823,4.1366034,4.032611,2.1889899,0.34384772,N/A
7.3733997,6.407229,3.9377272,3.758497,2.0893157,0.16340213,N/A
7.546281,6.81323,4.4135566,4.4973593,3.1215966,0.8920549,N/A
6.7071095,5.959552,3.8821895,4.0908885,1.983892,0.39181486,N/A
6.50069,6.50194,4.0406194,3.5664837,2.0327556,0.25361618,N/A
5.4201365,5.1690464,4.657535,5.028153,3.37314,0.9969215,N/A
5.3523917,5.1150756,4.7565646,5.08375,3.459628,0.9336388,N/A
5.3487654,5.1169314,4.773343,5.126046,3.4925556,0.97606313,N/A
6.1458707,5.9637294,5.9606266,6.0819016,5.19311,1.8883648,N/A
6.3863955,5.896429,6.539125,6.835786,6.1486926,2.0596607,N/A
6.457677,5.9867926,6.789169,7.072055,6.5593724,1.9063438,N/A
6.7288,6.1319013,6.142998,6.40989,5.6373906,1.7910217,N/A
6.4557395,6.196748,4.5272136,4.4252343,3.1871932,0.6124574,N/A
5.496012,5.268246,5.0234776,5.5178394,4.0588627,0.8334176,N/A
5.8255987,5.4422226,4.6974325,5.414795,3.789838,0.78882885,N/A
5.7354155,5.3958898,4.909611,5.478672,3.9540167,0.8652342,N/A
5.9752665,5.8617215,4.542507,4.7760773,2.9289355,1.5084163,N/A
5.71731,5.649143,4.8412943,5.007061,3.0460246,2.0006452,N/A
5.846272,5.91754,8.881985,8.757066,7.363948,3.9804597,N/A
6.332559,6.1633525,4.0672736,4.116014,2.7197504,0.8619181,N/A
6.464696,6.7406015,4.8635063,4.9331646,3.6788754,1.851457,N/A
6.711473,6.1554203,4.6179705,5.246375,3.8104255,1.7974842,N/A
5.579404,5.9323773,4.2563753,4.2548785,2.697699,1.1130095,N/A
5.4683304,5.7451715,4.3178134,4.2614813,2.7175708,1.0379074,N/A
5.427531,5.6924925,4.5223255,4.5887237,2.8554213,1.4683069,N/A
5.807615,6.347082,6.2165565,5.816075,5.4995875,1.6172152,N/A
5.615653,6.1089,6.157558,5.652551,5.3248487,1.6482683,N/A
5.5556083,6.182246,6.368339,5.688159,5.353762,1.8373656,N/A
5.774746,6.193302,4.9383683,4.7825155,4.064839,1.1988165,N/A
5.7426867,5.652709,4.6204305,4.5314264,3.2318015,1.2101535,N/A
5.21919,5.041044,6.2796636,6.27952,5.1836734,1.9961102,N/A
5.1514854,5.055647,10.887465,11.159845,9.677889,4.9617767,N/A
5.259772,5.1612906,7.5789127,8.072937,6.814047,3.0182223,N/A
5.56896,5.7784176,4.5218463,4.4092407,2.8980024,1.5304296,N/A
5.4590664,5.814352,4.4823246,4.4250054,2.7977965,1.5638249,N/A
5.3190846,5.3357825,4.111835,4.3087416,2.725766,0.66103154,N/A
5.2449794,5.219591,4.111706,4.2308254,2.6646397,0.66770494,N/A
5.395892,5.2530875,4.032259,4.1412435,2.5150468,0.6462172,N/A
5.201229,5.0764017,4.0803213,4.202682,2.5598712,0.714675,N/A
5.098821,5.018192,3.9774897,4.1304383,2.4971774,0.6836426,N/A
5.397276,5.3432865,4.0604076,4.2890024,2.6615918,0.6494126,N/A
5.370207,5.26913,4.5624,4.8809004,3.0259604,1.3339438,N/A
5.318817,5.435321,4.9250956,5.3807993,3.5034199,1.6937168,N/A
5.515374,5.464984,4.9303455,5.152816,3.4421866,1.814804,N/A
5.9586153,5.66607,5.218786,5.2270575,3.6857862,1.9544456,N/A
5.9100504,5.7215786,5.4039993,5.360281,3.8703017,2.1334379,N/A
5.831588,5.685229,4.996531,5.314026,3.7041962,1.7546885,N/A
5.324212,5.186038,4.3491,4.627241,2.9807978,1.0392945,N/A
5.3443794,5.372074,4.1812177,4.2703066,2.6927686,0.69587404,N/A
5.493554,5.375202,4.0833197,4.3106422,2.7119248,0.7002291,N/A
5.60713,5.5978413,4.153447,4.3317294,2.707555,0.74578214,N/A
5.5674286,5.4618797,4.300065,4.4485927,2.7912872,0.8452795,N/A
5.579175,5.644021,4.125747,4.25108,2.6379879,0.73971957,N/A
5.1971226,5.1549253,4.2237754,4.435342,2.8089485,0.74712294,N/A
4.864073,4.861379,4.14642,4.2101455,2.5827777,0.6964521,N/A
4.80817,4.8961973,4.126649,4.2950726,2.6652114,0.68572104,N/A
4.8964934,4.9102983,4.0975485,4.2974577,2.59554,0.66228336,N/A
5.244494,5.156926,4.2049885,4.335195,2.6825173,0.70229006,N/A
5.222389,5.080861,4.1131105,4.2670317,2.6460128,0.65047634,N/A
5.212985,5.2466397,4.083478,4.257964,2.6186073,0.6551498,N/A
5.32426,5.3413887,4.4290905,4.6535163,3.372035,0.8297563,N/A
5.322185,5.409005,4.57225,4.9495783,3.8071532,0.87676764,N/A
5.42913,5.3360457,5.3525095,5.8586626,4.907392,1.3855896,N/A
5.440516,5.430527,5.3429904,5.814843,4.827777,1.586873,N/A
5.427779,5.2539635,4.872744,5.3454432,4.1082954,1.3427196,N/A
5.2849045,5.3096323,4.573111,4.8891754,3.4950187,1.0544939,N/A
5.233913,5.241047,4.1471767,4.2636404,2.7616904,0.67899305,N/A
5.3408027,5.3236084,4.1129556,4.220667,2.6830127,0.6674068,N/A
5.278146,5.3816433,4.1949415,4.178007,2.647531,0.6666666,N/A
5.2755327,5.323476,4.1767387,4.1731997,2.4767375,0.6572262,N/A
4.98989,4.875565,4.0887985,4.231599,2.359227,0.70710677,N/A
5.0611396,5.05227,4.1173387,4.2243857,2.4423652,0.69080514,N/A
5.178531,5.2042637,4.075119,4.2339125,2.6206028,0.65821266,N/A
5.2826104,5.3148775,3.9765003,4.1468563,2.5633855,0.62891185,N/A
5.4833946,5.4957633,4.100624,4.31756,2.613879,0.9002632,N/A
5.6642337,5.7404933,4.011856,4.1674824,2.4012823,0.93494606,N/A
5.817492,5.76311,4.154783,4.275106,2.4517715,1.0985272,N/A
5.379856,5.4313965,4.1187944,4.3123593,2.490519,1.0491288,N/A
5.403469,5.3871803,4.152282,4.3162856,2.4491498,0.9840571,N/A
5.331638,5.2108383,4.1722445,4.253715,2.6834266,0.6674068,N/A
